{
  "HorizonLayout": [
    {
      "layout": "logo",
      "showMenu": true,
      "showSearch": true,
      "showLogo": true
    },
    {
      "layout": "category",
      "type": "icon",
      "wrap": false,
      "size": 1.0,
      "radius": 50.0,
      "items": [
        {
          "category": 18,
          "image": "https://user-images.githubusercontent.com/1459805/62820029-2e679f00-bb88-11e9-80de-fdf115cfd942.png",
          "colors": [
            "#3CC2BF",
            "#3CC2BF"
          ],
          "originalColor": false
        },
        {
          "category": 24,
          "image": "https://trello-attachments.s3.amazonaws.com/60a62a9bca5053572a669dee/48x58/a68d188ae063a20eac903fe2ca00ece5/ic_dress.png",
          "colors": [
            "#3E6AB5",
            "#3E6AB5"
          ]
        },
        {
          "category": 25,
          "image": "https://trello-attachments.s3.amazonaws.com/60a62a9bca5053572a669dee/68x54/93b296bf55ec19d22778158bf06d2dbc/ic_shorts.png",
          "colors": [
            "#53A2CC",
            "#53A2CC"
          ]
        },
        {
          "category": 28,
          "label": "Shoes",
          "image": "https://trello-attachments.s3.amazonaws.com/60a62a9bca5053572a669dee/68x50/bf817e570f9d704dc88dad8bb29386d1/ic_shoes.png",
          "colors": [
            "#53688A",
            "#53688A"
          ]
        },
        {
          "category": 29,
          "image": "https://trello-attachments.s3.amazonaws.com/60a62a9bca5053572a669dee/72x38/8c778c1b92f5ca02e00c4a34b562c601/ic_tie.png",
          "colors": [
            "#43506A",
            "#43506A"
          ]
        },
        {
          "category": 30,
          "image": "https://trello-attachments.s3.amazonaws.com/60a62a9bca5053572a669dee/68x34/e20dbfd9e05fb3fbb8991d5d2213a9b0/ic_panties.png",
          "colors": [
            "#12B58C",
            "#12B58C"
          ]
        }
      ]
    },
    {
      "layout": "bannerImage",
      "isSlider": true,
      "autoPlay": false,
      "showNumber": false,
      "design": "default",
      "showBackGround": true,
      "radius": 2.0,
      "items": [
        {
          "category": 29,
          "image": "https://trello-attachments.s3.amazonaws.com/5f8fe6093cd3ef24d9ede5f5/1185x561/e13d41fd04e4da0833097ab4e893c8c5/Mobile_Template_1b.png",
          "padding": 15.0
        },
        {
          "category": 28,
          "image": "https://user-images.githubusercontent.com/1459805/59846818-12672e80-938b-11e9-8184-5f7bfe66f1a2.png",
          "padding": 15.0
        },
        {
          "product": 30,
          "image": "https://user-images.githubusercontent.com/1459805/60091808-a19b8a00-976f-11e9-9cc7-576ca05c2442.png",
          "padding": 15.0
        }
      ]
    },
    {
      "key":"v14g5clzc34tf8",
      "name":"On Sale Today ⚡️",
      "layout":"saleOff",
      "isSnapping":true,
      "rows":1,
      "columns":0,
      "imageBoxfit":"cover",
      "imageRatio":1.2,
      "hMargin":9.0,
      "vMargin":30.0,
      "hPadding":8.0,
      "vPadding":6.0,
      "pos":400,
      "showStockStatus":false,
      "enableRating":true,
      "hideTitle":false,
      "hideStore":false,
      "onSale":true,
      "hidePrice":false,
      "featured":false,
      "showHeart":true,
      "showCartButton":false,
      "cartIconRadius":9.0,
      "showQuantity":false,
      "showCartIconColor":false,
      "showCartIcon":false,
      "enableBottomAddToCart":false,
      "cardDesign":"card",
      "borderRadius":12.0,
      "backgroundRadius":0.0,
      "showCartButtonWithQuantity":false,
      "category":"26",
      "tag":null,
      "showCountDown":true,
      "backgroundColor":"ffF1F8FA",
      "backgroundImage":"https://trello.com/1/cards/6237d7a3eb71c81e0a45964b/attachments/626281b57aedd4517a682e40/previews/626281b67aedd4517a682e5a/download/sale4.png",
      "spaceWidth":130.0,
      "backgroundHeight":288.0,
      "backgroundBoxFit":"contain",
      "parallax": true,
      "parallaxImageRatio": 1.2,
      "boxShadow":{
        "blurRadius":14.0,
        "colorOpacity":0.1,
        "spreadRadius":10.0,
        "x":0.0,
        "y":6.0}
    },
    {
      "name": "Man Collections",
      "image": "",
      "layout": "twoColumn",
      "category": 21
    },
    {
      "layout":"bannerImage",
      "design":"static",
      "fit":"fitWidth",
      "marginLeft":0.0,
      "items":[
        {
          "image":"https://trello-attachments.s3.amazonaws.com/5fb8de4a9ffe12204a2a3607/700x263/f5d6007a5563735691c68eb12563d1e5/image.png",
          "coupon":"blackf",
          "padding":15.0,
          "radius":9.0
        }
      ],
      "marginBottom":0.0,
      "height":0.15,
      "marginRight":0.0,
      "marginTop":20.0
    },
    {
      "name": "Recent View",
      "layout": "recentView"
    },
    {
      "name": "Our Blog Posts",
      "layout": "blog"
    },
    {
      "name": "New Collections",
      "layout": "staggered",
      "limit": 20,
      "category": 29
    }
  ],
  "Setting": {
    "MainColor": "#3FC1BE",
    "FontFamily": "Roboto",
    "FontHeader": "Raleway",
    "ProductListLayout": "list",
    "StickyHeader": false,
    "ShowChat": true,
    "useMaterial3": false
  },
  "TabBar": [
    {
      "layout": "home",
      "icon": "assets/icons/tabs/icon-home.png"
    },
    {
      "layout": "category",
      "categoryLayout": "card",
      "icon": "assets/icons/tabs/icon-category.png"
    },
    {
      "layout": "search",
      "icon": "assets/icons/tabs/icon-search.png"
    },
    {
      "layout": "cart",
      "icon": "assets/icons/tabs/icon-cart2.png"
    },
    {
      "layout": "profile",
      "icon": "assets/icons/tabs/icon-user.png",
      "showChat": true
    }
  ],
  "searchSuggestion": [
    "Here are some suggestions:",
    "Print",
    "T-Shirt",
    "Jersey",
    "Hoodie"
  ]
}