{
  "HorizonLayout": [
    {
      "layout": "header_text",
      "fontSize": 22.0,
      "title": "Our Biggest Hits",
      "isSafeArea": true
    },
    {
      "layout": "category",
      "type": "icon",
      "wrap": true,
      "size": 1.2,
      "radius": 50.0,
      "noBackground": true,
      "columns": 4,
      "shadow": 0.0,
      "padding": 10.0,
      "items": [
        {
          "image": "https://trello-attachments.s3.amazonaws.com/60a62a9bca5053572a669dee/100x100/35dd654dd0d18b941c459f3a25744823/ic_picture.png",
          "colors": [
            "#5f27cd"
          ]
        },
        {
          "image": "https://trello-attachments.s3.amazonaws.com/60a62a9bca5053572a669dee/56x48/477fabe73bec2db33ecf04953afa953e/ic_glasses.png",
          "colors": [
            "#ff6b6b"
          ]
        },
        {
          "image": "https://trello-attachments.s3.amazonaws.com/60a62a9bca5053572a669dee/100x100/f421cf267630c852c98457faa680fe78/ic_couch.png",
          "colors": [
            "#0abde3"
          ]
        },
        {
          "image": "https://trello-attachments.s3.amazonaws.com/60a62a9bca5053572a669dee/100x100/7a4489f01e530ac2a6547e5c4f639e81/ic_flower.png",
          "colors": [
            "#ee5253"
          ]
        },
        {
          "image": "https://trello-attachments.s3.amazonaws.com/60a62a9bca5053572a669dee/100x100/0c15eb87bc71e63b7ff801383eeb2fe7/ic_broom.png",
          "colors": [
            "#ff9f43"
          ]
        },
        {
          "image": "https://trello-attachments.s3.amazonaws.com/60a62a9bca5053572a669dee/100x100/f8517fcbe3a3560a798b287f710531e8/ic_clock.png",
          "colors": [
            "#01a3a4"
          ]
        },
        {
          "image": "https://trello-attachments.s3.amazonaws.com/60a62a9bca5053572a669dee/56x48/477fabe73bec2db33ecf04953afa953e/ic_glasses.png",
          "colors": [
            "#341f97"
          ]
        },
        {
          "image": "https://trello-attachments.s3.amazonaws.com/60a62a9bca5053572a669dee/100x100/f421cf267630c852c98457faa680fe78/ic_couch.png",
          "colors": [
            "#222f3e"
          ]
        }
      ]
    },
    {
      "name": "New Collections",
      "layout": "staggered",
      "limit": 20
    }
  ],
  "Setting": {
    "StickyHeader": true,
    "ProductListLayout": "list",
    "MainColor": "#3FC1BE",
    "TabBarConfig": null,
    "ProductDetail": "simpleType"
  },
  "TabBar": [
    {
      "layout": "home",
      "icon": "home",
      "pos": 100,
      "fontFamily": "CupertinoIcons",
      "key": "08mknb0elh"
    },
    {
      "pos": 200,
      "layout": "category",
      "icon": "rectangle_grid_1x2",
      "fontFamily": "CupertinoIcons",
      "categoryLayout": "card",
      "key": "patf46j93u"
    },
    {
      "key": "j4bsea9rw5",
      "icon": "search",
      "layout": "search",
      "fontFamily": "CupertinoIcons",
      "pos": 300,
      "size": 24
    },
    {
      "pos": 400,
      "icon": "bag",
      "layout": "cart",
      "categoryLayout": "cart",
      "key": "xhp8grebbn",
      "fontFamily": "CupertinoIcons"
    },
    {
      "layout": "profile",
      "fontFamily": "CupertinoIcons",
      "pos": 500,
      "key": "ev5uobj5x1",
      "icon": "person"
    }
  ],
  "Drawer": {
    "logo": "assets/images/logo.png",
    "items": [
      {
        "type": "home",
        "show": true
      },
      {
        "type": "blog",
        "show": true
      },
      {
        "type": "login",
        "show": true
      },
      {
        "type": "category",
        "show": true
      }
    ]
  }
}