{
  "HorizonLayout": [
    {
      "layout": "logo",
      "hideLogo": true
    },
    {
      "hideHeader": false,
      "showSearch": true,
      "fontWeight": "700",
      "rotate": [
        "WooCommerce",
        "Magento",
        "Opencart"
      ],
      "type": "typer",
      "height": 50.0,
      "marginLeft": 27.0,
      "marginRight": 18.0,
      "marginTop": 0.0,
      "marginBottom": 0.0,
      "fontSize": 26.0,
      "textOpacity": 1.0,
      "textColor": null,
      "layout": "header_text"
    },
    {
      "layout": "category",
      "type": "icon",
      "wrap": true,
      "size": 1.0,
      "radius": 10.0,
      "items": [
        {
          "image": "assets/icons/categories/i_package.png",
          "colors": [
            "#3CC2BF",
            "#3CC2BF"
          ]
        },
        {
          "image": "assets/icons/categories/i_shopping.png",
          "colors": [
            "#2288E5",
            "#2288E5"
          ]
        },
        {
          "image": "assets/icons/categories/i_snow.png",
          "colors": [
            "#0090D0",
            "#0090D0"
          ]
        },
        {
          "image": "assets/icons/categories/i_truck.png",
          "colors": [
            "#0092D6",
            "#0092D6"
          ]
        },
        {
          "image": "assets/icons/categories/i-air.png",
          "colors": [
            "#3B2E6B",
            "#3B2E6B"
          ]
        },
        {
          "image": "assets/icons/categories/i_instagram.png",
          "colors": [
            "#0067B8",
            "#0067B8"
          ]
        }
      ],
      "line": false,
      "marginLeft": 10.0,
      "marginRight": 10.0,
      "marginTop": 10.0,
      "marginBottom": 10.0,
      "paddingX": 5.0,
      "paddingY": 8.0,
      "marginX": 0.0,
      "marginY": 0.0,
      "columns": 4,
      "hideTitle": false
    },
    {
      "name": "Man Collections",
      "image": "",
      "layout": "threeColumn",
      "isSnapping": true
    }
  ],
  "Setting": {
    "StickyHeader": false,
    "ProductDetail": "simpleType",
    "TabBarConfig": null,
    "FontHeader": "ABeeZee",
    "ProductListLayout": "list",
    "MainColor": "#3FC1BE",
    "ShowChat": true
  },
  "TabBar": [
    {
      "layout": "home",
      "icon": "home",
      "pos": 100,
      "fontFamily": "CupertinoIcons",
      "key": "vyoq1bzm16"
    },
    {
      "pos": 200,
      "layout": "category",
      "icon": "rectangle_grid_1x2",
      "fontFamily": "CupertinoIcons",
      "categoryLayout": "card",
      "key": "t9w15ilrbs"
    },
    {
      "key": "tg3isyah1g",
      "icon": "search",
      "layout": "search",
      "fontFamily": "CupertinoIcons",
      "pos": 300,
      "size": 24
    },
    {
      "pos": 400,
      "icon": "bag",
      "layout": "cart",
      "categoryLayout": "cart",
      "key": "p3uh8mp9uv",
      "fontFamily": "CupertinoIcons"
    },
    {
      "layout": "profile",
      "fontFamily": "CupertinoIcons",
      "pos": 500,
      "key": "5qpnl4gckg",
      "icon": "person"
    }
  ],
  "Drawer": {
    "logo": "assets/images/logo.png",
    "items": [
      {
        "type": "home",
        "show": true
      },
      {
        "type": "blog",
        "show": true
      },
      {
        "type": "login",
        "show": true
      },
      {
        "type": "category",
        "show": true
      }
    ]
  },
  "Background": {
    "height": 0.5,
    "type": "wave"
  }
}