{
    "HorizonLayout": [
        {
            "showLogo": true,
            "layout": "logo",
            "showSearch": true,
            "showMenu": true
        },
        {
            "layout": "category",
            "type": "icon",
            "wrap": false,
            "size": 1.0,
            "radius": 50.0,
            "items": [
                {
                    "category": null,
                    "image": "https://user-images.githubusercontent.com/1459805/62820029-2e679f00-bb88-11e9-80de-fdf115cfd942.png",
                    "colors": [
                        "#3CC2BF",
                        "#3CC2BF"
                    ],
                    "originalColor": false,
                    "title": "Woman",
                    "keepDefaultTitle": true
                },
                {
                    "category": null,
                    "image": "https://trello-attachments.s3.amazonaws.com/60a62a9bca5053572a669dee/48x58/a68d188ae063a20eac903fe2ca00ece5/ic_dress.png",
                    "colors": [
                        "#3E6AB5",
                        "#3E6AB5"
                    ],
                    "originalColor": false,
                    "title": "Man",
                    "keepDefaultTitle": true
                },
                {
                    "category": null,
                    "image": "https://trello-attachments.s3.amazonaws.com/60a62a9bca5053572a669dee/68x54/93b296bf55ec19d22778158bf06d2dbc/ic_shorts.png",
                    "colors": [
                        "#53A2CC",
                        "#53A2CC"
                    ],
                    "originalColor": false,
                    "title": "T-shirt",
                    "keepDefaultTitle": true
                },
                {
                    "category": null,
                    "image": "https://trello-attachments.s3.amazonaws.com/60a62a9bca5053572a669dee/56x48/477fabe73bec2db33ecf04953afa953e/ic_glasses.png",
                    "colors": [
                        "#53688A",
                        "#53688A"
                    ],
                    "originalColor": false,
                    "title": "Short",
                    "keepDefaultTitle": true
                },
                {
                    "category": null,
                    "image": "https://trello-attachments.s3.amazonaws.com/60a62a9bca5053572a669dee/72x38/8c778c1b92f5ca02e00c4a34b562c601/ic_tie.png",
                    "colors": [
                        "#43506A",
                        "#43506A"
                    ],
                    "originalColor": false,
                    "title": "Hat",
                    "keepDefaultTitle": true
                },
                {
                    "category": null,
                    "image": "https://trello-attachments.s3.amazonaws.com/60a62a9bca5053572a669dee/68x34/e20dbfd9e05fb3fbb8991d5d2213a9b0/ic_panties.png",
                    "colors": [
                        "#12B58C",
                        "#12B58C"
                    ],
                    "originalColor": false,
                    "title": "Shoe",
                    "keepDefaultTitle": true
                }
            ],
            "line": false,
            "marginLeft": 10.0,
            "marginRight": 10.0,
            "marginTop": 10.0,
            "marginBottom": 10.0,
            "paddingX": 0.0,
            "paddingY": 0.0,
            "marginX": 0.0,
            "marginY": 0.0,
            "hideTitle": false
        },
        {
            "autoPlay": false,
            "showBackGround": true,
            "layout": "bannerImage",
            "radius": 2,
            "showNumber": false,
            "items": [
                {
                    "image": "https://user-images.githubusercontent.com/1459805/59846818-12672e80-938b-11e9-8184-5f7bfe66f1a2.png",
                    "padding": 15
                },
                {
                    "image": "https://user-images.githubusercontent.com/1459805/60091575-1f12ca80-976f-11e9-962c-bdccff60d143.png",
                    "padding": 15
                },
                {
                    "image": "https://user-images.githubusercontent.com/1459805/60091808-a19b8a00-976f-11e9-9cc7-576ca05c2442.png",
                    "padding": 15
                }
            ],
            "design": "default",
            "isSlider": true
        },
        {
            "marginBottom": 0,
            "items": [
                {
                    "url": "https://inspireui.com",
                    "padding": 5,
                    "image": "https://user-images.githubusercontent.com/1459805/59846820-12672e80-938b-11e9-8fa6-b331b7db331d.png"
                }
            ],
            "marginLeft": 10,
            "layout": "bannerImage",
            "height": 0.2,
            "marginTop": 0,
            "isSlider": false,
            "marginRight": 10,
            "fit": "cover"
        },
        {
            "marginBottom": 0,
            "items": [
                {
                    "padding": 5,
                    "image": "https://user-images.githubusercontent.com/1459805/59846823-12ffc500-938b-11e9-8d93-65ead3d6b1dd.png"
                },
                {
                    "padding": 5,
                    "image": "https://user-images.githubusercontent.com/1459805/59846824-12ffc500-938b-11e9-8d5a-fc42cb1b7658.png"
                }
            ],
            "marginLeft": 10,
            "marginTop": 10,
            "layout": "bannerImage",
            "height": 0.25,
            "marginRight": 10,
            "isSlider": false,
            "fit": "cover"
        },
        {
            "isSnapping": true,
            "layout": "threeColumn",
            "name": "Recent Collections"
        }
    ],
    "Setting": {
        "ProductDetail": "simpleType",
        "StickyHeader": true,
        "MainColor": "#3FC1BE",
        "TabBarConfig": null,
        "ProductListLayout": "list",
        "FontHeader": "ABeeZee"
    },
    "TabBar": [
        {
            "layout": "home",
            "key": "qcu8uzn8tr",
            "fontFamily": "CupertinoIcons",
            "icon": "home",
            "pos": 100
        },
        {
            "icon": "rectangle_grid_1x2",
            "fontFamily": "CupertinoIcons",
            "categoryLayout": "card",
            "layout": "category",
            "key": "34v19lorvh",
            "pos": 200
        },
        {
            "layout": "search",
            "key": "bzeveqyd4f",
            "pos": 300,
            "size": 24,
            "icon": "search",
            "fontFamily": "CupertinoIcons"
        },
        {
            "fontFamily": "CupertinoIcons",
            "icon": "bag",
            "layout": "cart",
            "key": "iezdtuebvw",
            "categoryLayout": "cart",
            "pos": 400
        },
        {
            "icon": "person",
            "fontFamily": "CupertinoIcons",
            "layout": "profile",
            "key": "ahtf5zk2sz",
            "pos": 500
        }
    ],
    "Drawer": {
        "items": [
            {
                "type": "home",
                "show": true
            },
            {
                "type": "blog",
                "show": true
            },
            {
                "show": true,
                "type": "login"
            },
            {
                "show": true,
                "type": "category"
            }
        ],
        "logo": "assets/images/logo.png"
    }
}