{
  "HorizonLayout": [
    {
      "layout": "logo",
      "showMenu": true,
      "showSearch": false,
      "showLogo": true
    }
  ],
  "Setting": {
    "MainColor": "#3FC1BE",
    "ProductListLayout": "list",
    "StickyHeader": true
  },
  "TabBar": [
    {
      "layout": "home",
      "icon": "home",
      "pos": 100,
      "fontFamily": "CupertinoIcons",
      "key": "p1q235ba14"
    },
    {
      "pos": 200,
      "layout": "category",
      "icon": "rectangle_grid_1x2",
      "fontFamily": "CupertinoIcons",
      "categoryLayout": "card",
      "key": "hwu0rkrizt"
    },
    {
      "key": "2reihs4qzc",
      "icon": "search",
      "layout": "search",
      "fontFamily": "CupertinoIcons",
      "pos": 300,
      "size": 24
    },
    {
      "pos": 400,
      "icon": "bag",
      "layout": "cart",
      "categoryLayout": "cart",
      "key": "a2xts0oou6",
      "fontFamily": "CupertinoIcons"
    },
    {
      "layout": "profile",
      "fontFamily": "CupertinoIcons",
      "pos": 500,
      "key": "69jw5yx12d",
      "icon": "person"
    }
  ],
  "Drawer": {
    "logo": "assets/images/logo.png",
    "items": [
      {
        "type": "home",
        "show": true
      },
      {
        "type": "blog",
        "show": true
      },
      {
        "type": "login",
        "show": true
      },
      {
        "type": "category",
        "show": true
      }
    ]
  },
  "VerticalLayout": {
    "layout": "menu"
  }
}