{
  "HorizonLayout": [
    {
      "title": " ",
      "isSafeArea": true,
      "hideHeader": false,
      "showSearch": false,
      "padding": 20.0,
      "height": 20.0,
      "fontSize": 20.0,
      "layout": "header_text"
    },
    {
      "layout": "logo",
      "showMenu": true,
      "showSearch": false,
      "showLogo": false
    },
    {
      "layout": "header_text",
      "fontSize": 30.0,
      "title": "FluxStore",
      "height": 50.0,
      "rotate": [
        "WooCommerce",
        "Magento",
        "Opencart"
      ],
      "type": "rotate",
      "showSearch": true
    },
    {
      "layout": "category",
      "type": "icon",
      "wrap": true,
      "size": 0.9,
      "radius": 14.0,
      "items": [
        {
          "image": "assets/icons/categories/i_package.png",
          "colors": [
            "#2B2F3E",
            "#333333"
          ],
          "noBackground": true
        },
        {
          "image": "assets/icons/categories/i_shopping.png",
          "colors": [
            "#2B2F3E",
            "#333333"
          ],
          "noBackground": true
        },
        {
          "image": "assets/icons/categories/i_snow.png",
          "colors": [
            "#2B2F3E",
            "#333333"
          ],
          "noBackground": true
        },
        {
          "image": "assets/icons/categories/i_truck.png",
          "colors": [
            "#2B2F3E",
            "#333333"
          ],
          "noBackground": true
        },
        {
          "image": "assets/icons/categories/i-air.png",
          "colors": [
            "#2B2F3E",
            "#333333"
          ],
          "noBackground": true
        },
        {
          "image": "assets/icons/categories/i_instagram.png",
          "colors": [
            "#2B2F3E",
            "#333333"
          ],
          "noBackground": true
        }
      ],
      "line": false,
      "columns": 4
    },
    {
      "name": "Our Blog Posts",
      "layout": "blog"
    }
  ],
  "Setting": {
    "MainColor": "#3FC1BE",
    "ProductListLayout": "list",
    "StickyHeader": false
  },
  "TabBar": [
    {
      "layout": "home",
      "icon": "home",
      "pos": 100,
      "fontFamily": "CupertinoIcons",
      "key": "p1q235ba14"
    },
    {
      "pos": 200,
      "layout": "category",
      "icon": "rectangle_grid_1x2",
      "fontFamily": "CupertinoIcons",
      "categoryLayout": "card",
      "key": "hwu0rkrizt"
    },
    {
      "key": "2reihs4qzc",
      "icon": "search",
      "layout": "search",
      "fontFamily": "CupertinoIcons",
      "pos": 300,
      "size": 24
    },
    {
      "pos": 400,
      "icon": "bag",
      "layout": "cart",
      "categoryLayout": "cart",
      "key": "a2xts0oou6",
      "fontFamily": "CupertinoIcons"
    },
    {
      "layout": "profile",
      "fontFamily": "CupertinoIcons",
      "pos": 500,
      "key": "69jw5yx12d",
      "icon": "person"
    }
  ],
  "Drawer": {
    "logo": "assets/images/logo.png",
    "items": [
      {
        "type": "home",
        "show": true
      },
      {
        "type": "blog",
        "show": true
      },
      {
        "type": "login",
        "show": true
      },
      {
        "type": "category",
        "show": true
      }
    ]
  },
  "Background": {
    "height": 0.4,
    "color": "#FFC008",
    "image": "https://trello-attachments.s3.amazonaws.com/5d29325d2000ef2fad36345f/5d70b35963165534acdcea0e/e132ca446b9b3c7809de20c9a1715d49/background.gif"
  }
}